City_ID,City,Country,Date,Lat,Lng,Max Temp,Humidity,Cloudiness,Wind Speed,Current Description
0,Atuona,PF,2022-02-04 01:58:35,-9.8,-139.0333,78.91,72,4,16.35,clear sky
1,Kapaa,US,2022-02-04 01:57:23,22.0752,-159.319,78.78,66,0,1.99,clear sky
2,Soyo,AO,2022-02-04 01:56:43,-6.1349,12.3689,77.2,75,93,3.04,overcast clouds
3,Sylvania,US,2022-02-04 01:59:20,41.7189,-83.713,21.04,89,100,7.0,overcast clouds
4,General Pico,AR,2022-02-04 01:59:20,-35.6566,-63.7568,73.81,61,53,7.99,light rain
5,Bethel,US,2022-02-04 01:59:01,41.3712,-73.414,47.48,98,100,2.62,overcast clouds
6,Bundaberg,AU,2022-02-04 01:59:21,-24.85,152.35,84.22,63,75,3.0,broken clouds
7,Labuhan,ID,2022-02-04 01:59:21,-6.8844,112.2051,81.81,76,80,5.46,broken clouds
8,Vestmannaeyjar,IS,2022-02-04 01:59:22,63.4427,-20.2734,27.37,66,11,35.77,few clouds
9,Baripada,IN,2022-02-04 01:59:22,21.935,86.7214,69.15,81,2,8.41,clear sky
10,West Memphis,US,2022-02-04 01:59:23,35.1465,-90.1845,28.58,93,100,14.45,overcast clouds
11,Hermanus,ZA,2022-02-04 01:57:19,-34.4187,19.2345,60.91,72,100,9.17,overcast clouds
12,Inhambane,MZ,2022-02-04 01:59:23,-23.865,35.3833,76.17,86,2,2.48,clear sky
13,Saldanha,ZA,2022-02-04 01:52:04,-33.0117,17.9442,57.25,81,0,18.86,clear sky
14,North Bend,US,2022-02-04 01:53:34,43.4065,-124.2243,48.92,95,0,8.05,clear sky
15,Kavieng,PG,2022-02-04 01:52:32,-2.5744,150.7967,82.87,73,98,4.99,overcast clouds
16,Fuerte Olimpo,PY,2022-02-04 01:59:24,-21.0415,-57.8738,78.03,81,96,6.76,overcast clouds
17,Port Blair,IN,2022-02-04 01:53:12,11.6667,92.75,77.41,72,12,7.31,few clouds
18,Busselton,AU,2022-02-04 01:52:01,-33.65,115.3333,92.05,35,67,15.57,broken clouds
19,Fallon,US,2022-02-04 01:59:25,39.4735,-118.7774,38.28,44,0,5.21,clear sky
20,Te Anau,NZ,2022-02-04 01:59:26,-45.4167,167.7167,48.25,96,100,2.51,moderate rain
21,Pitimbu,BR,2022-02-04 01:59:26,-7.4706,-34.8086,81.19,76,96,12.62,overcast clouds
22,Whyalla,AU,2022-02-04 01:59:26,-33.0333,137.5833,67.89,52,0,11.5,clear sky
23,Lufilufi,WS,2022-02-04 01:59:27,-13.8745,-171.5986,89.38,77,100,12.12,light rain
24,Port Lincoln,AU,2022-02-04 01:48:27,-34.7333,135.8667,67.06,60,44,15.73,scattered clouds
25,Hobart,AU,2022-02-04 01:52:15,-42.8794,147.3294,71.02,47,9,1.01,clear sky
26,Nerchinskiy Zavod,RU,2022-02-04 01:53:12,51.3088,119.61,-12.05,88,50,2.13,scattered clouds
27,Cape Town,ZA,2022-02-04 01:52:02,-33.9258,18.4232,62.28,64,20,4.0,few clouds
28,Kandrian,PG,2022-02-04 01:59:28,-6.2167,149.55,85.37,66,91,17.96,overcast clouds
29,Rikitea,PF,2022-02-04 01:55:00,-23.1203,-134.9692,77.97,74,100,18.88,overcast clouds
30,Isangel,VU,2022-02-04 01:53:06,-19.55,169.2667,84.31,84,100,4.61,heavy intensity rain
31,Punta Arenas,CL,2022-02-04 01:59:29,-53.15,-70.9167,46.51,57,75,10.36,broken clouds
32,Tasiilaq,GL,2022-02-04 01:52:53,65.6145,-37.6368,4.78,62,96,6.69,overcast clouds
33,Lata,PT,2022-02-04 01:52:59,40.1629,-8.3327,48.07,95,98,1.28,overcast clouds
34,Pakxe,LA,2022-02-04 01:59:29,15.1167,105.7833,71.74,73,75,2.3,broken clouds
35,Chokurdakh,RU,2022-02-04 01:52:05,70.6333,147.9167,-27.36,100,70,1.05,broken clouds
36,Bluff,NZ,2022-02-04 01:59:30,-46.6,168.3333,49.5,83,100,1.5,light rain
37,Yerbogachen,RU,2022-02-04 01:59:31,61.2767,108.0108,4.32,98,100,3.78,overcast clouds
38,Aklavik,CA,2022-02-04 01:52:28,68.2191,-135.0107,-21.17,99,14,6.31,few clouds
39,Faanui,PF,2022-02-04 01:52:51,-16.4833,-151.75,81.23,70,1,15.1,clear sky
40,Bowen,AU,2022-02-04 01:59:32,-20.0167,148.2333,79.02,70,100,6.78,light rain
41,Fortuna,US,2022-02-04 01:52:57,40.5982,-124.1573,50.34,86,0,8.05,clear sky
42,Tigil,RU,2022-02-04 01:59:32,57.8,158.6667,15.12,87,100,1.9,overcast clouds
43,Sao Filipe,CV,2022-02-04 01:53:29,14.8961,-24.4956,73.02,75,0,9.48,clear sky
44,Rio Grande,BR,2022-02-04 01:59:33,-32.035,-52.0986,77.05,84,100,11.95,light rain
45,Yulara,AU,2022-02-04 01:59:33,-25.2406,130.9889,76.84,27,93,20.71,overcast clouds
46,Yerkoy,TR,2022-02-04 01:59:34,39.6381,34.4672,31.55,94,100,1.7,overcast clouds
47,East London,ZA,2022-02-04 01:52:12,-33.0153,27.9116,69.39,81,100,15.5,light rain
48,Saint-Philippe,RE,2022-02-04 01:52:49,-21.3585,55.7679,80.15,93,100,33.08,moderate rain
49,Tucurui,BR,2022-02-04 01:59:35,-3.7661,-49.6725,73.67,97,100,3.8,moderate rain
50,Timizart,DZ,2022-02-04 01:59:35,36.8,4.2667,54.41,41,100,8.25,overcast clouds
51,Kidal,ML,2022-02-04 01:59:35,18.4411,1.4078,58.41,16,0,14.92,clear sky
52,Coquimbo,CL,2022-02-04 01:59:36,-29.9533,-71.3436,64.76,79,6,1.14,clear sky
53,Kenora,CA,2022-02-04 01:57:27,49.8167,-94.4337,-7.62,70,75,6.91,broken clouds
54,Butaritari,KI,2022-02-04 01:52:16,3.0707,172.7902,82.24,75,15,13.78,few clouds
55,Albany,US,2022-02-04 01:57:24,42.6001,-73.9662,39.31,91,100,3.0,snow
56,Imeni Poliny Osipenko,RU,2022-02-04 01:59:37,52.4201,136.4853,-3.19,89,100,1.59,overcast clouds
57,Itarema,BR,2022-02-04 01:59:37,-2.9248,-39.9167,78.49,84,89,11.27,overcast clouds
58,Puerto Cabezas,NI,2022-02-04 01:59:38,14.0351,-83.3888,75.51,87,3,6.13,clear sky
59,Shelburne,CA,2022-02-04 01:59:38,44.0787,-80.2041,11.19,88,100,12.82,overcast clouds
60,Egvekinot,RU,2022-02-04 01:59:38,66.3167,-179.1667,-6.97,75,1,18.88,clear sky
61,Jinchang,CN,2022-02-04 01:59:39,38.4953,102.1739,18.93,32,55,2.51,broken clouds
62,Tubuala,PA,2022-02-04 01:59:39,9.5167,-79.0333,78.57,84,11,11.65,few clouds
63,Dingle,PH,2022-02-04 01:55:42,10.9995,122.6711,81.09,77,75,16.82,broken clouds
64,Tongliao,CN,2022-02-04 01:59:40,43.6125,122.2653,3.88,75,8,9.51,clear sky
65,Caravelas,BR,2022-02-04 01:56:32,-17.7125,-39.2481,76.71,90,95,4.45,overcast clouds
66,Porbandar,IN,2022-02-04 01:59:40,21.6422,69.6093,62.98,51,5,4.07,clear sky
67,Henties Bay,NA,2022-02-04 01:59:41,-22.116,14.2845,66.85,88,5,7.18,clear sky
68,Pestretsy,RU,2022-02-04 01:59:41,55.7531,49.6545,24.94,96,100,11.83,snow
69,Chizhou,CN,2022-02-04 01:59:42,30.6578,117.4831,39.45,84,100,2.91,overcast clouds
70,Lebu,CL,2022-02-04 01:53:11,-37.6167,-73.65,59.76,92,17,12.68,few clouds
71,Onega,RU,2022-02-04 01:52:36,63.9061,38.1404,-2.69,100,98,2.04,overcast clouds
72,Stornoway,GB,2022-02-04 01:59:42,58.2093,-6.3865,36.03,79,75,11.01,broken clouds
73,Mataura,NZ,2022-02-04 01:57:16,-46.1927,168.8643,49.3,99,100,3.11,light rain
74,Rettikhovka,RU,2022-02-04 01:59:43,44.1683,132.7669,7.23,73,92,5.53,overcast clouds
75,Sangar,RU,2022-02-04 01:53:25,63.9242,127.4739,-23.12,98,98,2.8,overcast clouds
76,Pombas,CV,2022-02-04 01:59:44,17.1503,-25.0201,67.78,83,13,9.89,few clouds
77,Saskylakh,RU,2022-02-04 01:48:03,71.9167,114.0833,-16.13,97,100,1.7,overcast clouds
78,Marsh Harbour,BS,2022-02-04 01:59:44,26.5412,-77.0636,73.2,66,7,19.01,clear sky
79,Kununurra,AU,2022-02-04 01:53:47,-15.7667,128.7333,85.98,74,75,4.61,broken clouds
80,Meulaboh,ID,2022-02-04 01:59:45,4.1363,96.1285,78.48,80,82,3.4,broken clouds
81,Esfahan,IR,2022-02-04 01:59:45,32.6572,51.6776,22.64,37,0,3.27,clear sky
82,Port Elizabeth,ZA,2022-02-04 01:49:25,-33.918,25.5701,67.1,73,98,13.82,overcast clouds
83,Jamestown,US,2022-02-04 01:53:38,42.097,-79.2353,23.09,69,100,5.99,snow
84,Mount Isa,AU,2022-02-04 01:59:46,-20.7333,139.5,83.97,32,100,11.5,overcast clouds
85,Witu,KE,2022-02-04 01:59:46,-2.3889,40.4382,74.62,96,98,3.42,overcast clouds
86,Waingapu,ID,2022-02-04 01:59:47,-9.6567,120.2641,85.26,68,43,12.24,scattered clouds
87,Bredasdorp,ZA,2022-02-04 01:47:46,-34.5322,20.0403,61.92,67,100,4.61,overcast clouds
88,Port Hedland,AU,2022-02-04 01:47:38,-20.3167,118.5667,87.85,55,76,17.27,broken clouds
89,Dikson,RU,2022-02-04 01:52:45,73.5069,80.5464,-6.9,94,100,5.99,overcast clouds
90,Ushuaia,AR,2022-02-04 01:49:58,-54.8,-68.3,44.26,65,75,20.71,broken clouds
91,Pantao,PH,2022-02-04 01:59:48,13.1944,123.3271,82.78,70,98,7.56,moderate rain
92,Uray,RU,2022-02-04 01:59:48,60.1247,64.7758,24.46,93,100,8.9,overcast clouds
93,Castro,BR,2022-02-04 01:52:14,-24.7911,-50.0119,65.12,98,100,5.37,overcast clouds
94,Olafsvik,IS,2022-02-04 01:55:44,64.8945,-23.7142,27.7,74,98,28.48,overcast clouds
95,Shwebo,MM,2022-02-04 01:59:49,22.5667,95.7,62.6,57,0,6.69,clear sky
96,Umm Kaddadah,SD,2022-02-04 01:59:50,13.6017,26.6876,66.25,18,3,20.02,clear sky
97,Bhadra,IN,2022-02-04 01:59:50,29.1167,75.1667,47.71,96,23,4.94,few clouds
98,Inongo,CD,2022-02-04 01:59:50,-1.95,18.2667,71.98,91,100,5.19,overcast clouds
99,Jaltenango,MX,2022-02-04 01:59:51,15.8719,-92.7247,67.53,83,7,5.01,clear sky
100,Tuktoyaktuk,CA,2022-02-04 01:59:51,69.4541,-133.0374,-20.2,76,75,11.5,light snow
101,Barrow,US,2022-02-04 01:55:02,71.2906,-156.7887,-27.38,83,100,4.61,fog
102,Airai,TL,2022-02-04 01:52:33,-8.9266,125.4092,71.64,67,77,4.41,broken clouds
103,Cidreira,BR,2022-02-04 01:59:52,-30.1811,-50.2056,75.87,88,80,23.58,broken clouds
104,Port Alfred,ZA,2022-02-04 01:52:37,-33.5906,26.891,69.71,74,96,16.46,overcast clouds
105,Souillac,MU,2022-02-04 01:52:56,-20.5167,57.5167,80.98,89,75,25.32,broken clouds
106,Dryden,CA,2022-02-04 01:59:53,49.7833,-92.7503,-5.51,65,100,5.75,overcast clouds
107,Matara,LK,2022-02-04 01:48:11,5.9485,80.5353,74.25,82,6,4.07,clear sky
108,Yellowknife,CA,2022-02-04 01:52:18,62.456,-114.3525,-26.45,68,0,5.75,clear sky
109,Nytva,RU,2022-02-04 01:59:54,57.9404,55.334,22.89,98,100,3.04,overcast clouds
110,Saint George,US,2022-02-04 01:59:22,37.1041,-113.5841,42.26,28,0,15.01,clear sky
111,Jalu,LY,2022-02-04 01:49:21,29.0331,21.5482,50.16,60,6,12.62,clear sky
112,Vad,RU,2022-02-04 01:59:54,55.5301,44.2114,17.73,92,100,8.25,light snow
113,Mutis,CO,2022-02-04 01:59:55,6.2262,-77.4044,77.97,86,85,2.17,overcast clouds
114,Oktyabrskiy,RU,2022-02-04 01:59:55,54.4815,53.471,30.81,97,100,11.63,snow
115,Fonte Boa,BR,2022-02-04 01:57:57,-2.4959,-66.2662,72.46,95,42,1.7,moderate rain
116,Suntar,RU,2022-02-04 01:53:45,62.1444,117.6319,-15.61,99,96,1.34,overcast clouds
117,Hilo,US,2022-02-04 01:48:29,19.7297,-155.09,76.73,77,75,10.36,broken clouds
118,Longyearbyen,SJ,2022-02-04 01:59:56,78.2186,15.6401,13.84,73,75,10.36,broken clouds
119,Khachrod,IN,2022-02-04 01:59:57,23.4167,75.2833,51.89,48,0,3.33,clear sky
120,Roebourne,AU,2022-02-04 01:59:57,-20.7833,117.1333,91.63,43,92,12.28,overcast clouds
121,Turbat,PK,2022-02-04 01:59:57,26.0023,63.044,58.78,16,0,5.66,clear sky
122,Camocim,BR,2022-02-04 01:59:58,-2.9022,-40.8411,77.32,88,100,10.58,overcast clouds
123,Katsuura,JP,2022-02-04 01:52:30,35.1333,140.3,42.82,66,100,10.22,overcast clouds
124,Hasaki,JP,2022-02-04 01:53:39,35.7333,140.8333,43.29,55,100,9.55,overcast clouds
125,Iracoubo,GF,2022-02-04 01:59:59,5.4802,-53.2011,76.3,89,100,9.62,overcast clouds
126,Muros,ES,2022-02-04 01:59:59,42.7762,-9.0603,54.23,94,100,4.0,overcast clouds
127,Adana,TR,2022-02-04 01:59:59,36.985,35.2881,48.22,87,75,9.22,broken clouds
128,Ostrovnoy,RU,2022-02-04 01:52:42,68.0531,39.5131,14.11,94,100,3.91,overcast clouds
129,Alekseyevka,RU,2022-02-04 02:00:00,50.6309,38.6903,25.84,97,100,6.24,overcast clouds
130,Salalah,OM,2022-02-04 02:00:01,17.0151,54.0924,71.29,35,5,8.03,clear sky
131,New Norfolk,AU,2022-02-04 01:59:57,-42.7826,147.0587,69.91,34,1,3.0,clear sky
132,Sao Joao Da Barra,BR,2022-02-04 01:47:52,-21.6403,-41.0511,73.78,96,97,5.79,overcast clouds
133,Rapar,IN,2022-02-04 02:00:03,23.5667,70.6333,60.4,47,0,7.85,clear sky
134,Erzin,TR,2022-02-04 02:00:05,36.9559,36.2,45.12,82,100,7.85,overcast clouds
135,Palmer,US,2022-02-04 01:53:02,42.1584,-72.3287,44.15,88,100,3.44,moderate rain
136,Coihaique,CL,2022-02-04 02:00:09,-45.5752,-72.0662,51.51,98,15,4.97,few clouds
137,Great Bend,US,2022-02-04 02:00:10,38.3645,-98.7648,16.41,54,100,3.29,overcast clouds
138,Esperance,AU,2022-02-04 01:52:01,-33.8667,121.9,76.84,48,2,9.08,clear sky
139,Tiksi,RU,2022-02-04 02:00:12,71.6872,128.8694,-11.63,100,100,6.64,overcast clouds
140,Buraydah,SA,2022-02-04 01:53:30,26.326,43.975,64.85,59,3,10.67,clear sky
141,Karlstad,SE,2022-02-04 02:00:13,59.3793,13.5036,32.56,100,100,5.75,fog
142,Hithadhoo,MV,2022-02-04 01:52:43,-0.6,73.0833,81.61,73,100,10.25,overcast clouds
143,Severo-Kurilsk,RU,2022-02-04 01:52:35,50.6789,156.125,31.33,88,100,10.8,light snow
144,Khatanga,RU,2022-02-04 01:52:42,71.9667,102.5,-32.51,100,90,4.41,overcast clouds
145,Aripuana,BR,2022-02-04 02:00:15,-9.1667,-60.6333,72.61,99,96,0.76,overcast clouds
146,Qeshm,IR,2022-02-04 02:00:16,26.9581,56.2719,68.32,55,0,4.79,clear sky
147,Pevek,RU,2022-02-04 01:52:31,69.7008,170.3133,-18.22,99,24,3.27,few clouds
148,Luderitz,NA,2022-02-04 02:00:16,-26.6481,15.1594,68.23,70,1,15.12,clear sky
149,Letlhakane,BW,2022-02-04 02:00:17,-21.4167,25.5833,69.93,77,83,6.06,broken clouds
150,Touros,BR,2022-02-04 01:51:46,-5.1989,-35.4608,81.5,75,61,13.33,broken clouds
151,Cherskiy,RU,2022-02-04 01:52:21,68.75,161.3,-28.08,98,21,3.65,few clouds
152,Boa Viagem,BR,2022-02-04 02:00:20,-5.1275,-39.7322,74.91,73,59,2.95,broken clouds
153,Sibolga,ID,2022-02-04 02:00:21,1.7427,98.7792,79.65,77,49,1.14,scattered clouds
154,Blagoyevo,RU,2022-02-04 02:00:22,63.3667,47.9167,1.15,100,88,2.66,overcast clouds
155,Narwar,IN,2022-02-04 02:00:23,25.65,77.9,51.19,65,0,5.91,clear sky
156,Carnarvon,AU,2022-02-04 01:52:16,-24.8667,113.6333,96.87,23,13,12.66,few clouds
157,Kieta,PG,2022-02-04 02:00:24,-6.2167,155.6333,77.86,89,100,6.53,light rain
158,Georgetown,MY,2022-02-04 01:57:37,5.4112,100.3354,84.13,86,20,5.99,few clouds
159,Medicine Hat,CA,2022-02-04 02:00:18,50.0501,-110.6683,5.72,72,100,6.76,overcast clouds
160,Eenhana,NA,2022-02-04 02:00:25,-17.4667,16.3333,71.29,62,100,8.28,overcast clouds
161,Mayumba,GA,2022-02-04 02:00:25,-3.432,10.6554,75.22,89,100,2.82,overcast clouds
162,Geraldton,AU,2022-02-04 01:53:14,-28.7667,114.6,100.81,11,0,16.11,clear sky
163,Ambon,ID,2022-02-04 02:00:26,-3.6954,128.1814,86.14,70,40,6.91,scattered clouds
164,Qaanaaq,GL,2022-02-04 02:00:26,77.484,-69.3632,-14.31,56,98,8.25,overcast clouds
165,Lompoc,US,2022-02-04 02:00:27,34.6391,-120.4579,58.14,75,99,1.99,overcast clouds
166,Nagaoka,JP,2022-02-04 02:00:27,37.45,138.85,33.62,96,100,4.27,snow
167,Mahebourg,MU,2022-02-04 02:00:28,-20.4081,57.7,80.26,88,100,22.5,light rain
168,Auce,LV,2022-02-04 02:00:28,56.4598,22.9017,23.45,94,100,5.86,overcast clouds
169,Avarua,CK,2022-02-04 01:52:38,-21.2078,-159.775,84.25,74,40,18.41,scattered clouds
170,Jiujiang,CN,2022-02-04 02:00:21,29.7333,115.9833,41.85,76,100,5.7,overcast clouds
171,Bathsheba,BB,2022-02-04 01:49:06,13.2167,-59.5167,77.61,65,20,12.66,few clouds
172,Padang,ID,2022-02-04 02:00:30,-0.9492,100.3543,77.05,73,92,1.66,overcast clouds
173,Maceio,BR,2022-02-04 02:00:17,-9.6658,-35.7353,78.24,83,20,3.44,few clouds
174,Suoyarvi,RU,2022-02-04 02:00:30,62.0833,32.35,-2.24,100,97,0.09,overcast clouds
175,Eyl,SO,2022-02-04 02:00:31,7.9803,49.8164,68.9,74,1,10.49,clear sky
176,Longhua,CN,2022-02-04 02:00:31,23.6137,114.1919,51.37,70,55,5.88,broken clouds
177,Msanga,TZ,2022-02-04 02:00:31,-6.05,36.0333,64.92,93,100,0.78,overcast clouds
178,Ponta Do Sol,PT,2022-02-04 01:52:19,32.6667,-17.1,66.0,73,37,4.36,scattered clouds
179,Thompson,CA,2022-02-04 02:00:32,55.7435,-97.8558,-19.86,97,22,5.7,few clouds
180,Portland,US,2022-02-04 01:52:44,45.5234,-122.6762,48.52,88,20,3.0,few clouds
181,Weligama,LK,2022-02-04 02:00:32,5.9667,80.4167,74.1,82,4,3.76,clear sky
182,Tulum,MX,2022-02-04 02:00:33,20.2167,-87.4667,75.97,88,0,6.82,clear sky
183,Rawson,AR,2022-02-04 02:00:34,-43.3002,-65.1023,67.84,61,100,5.88,light rain
184,Belyy Yar,RU,2022-02-04 02:00:34,53.6039,91.3903,-19.14,75,40,2.24,mist
185,Chuy,UY,2022-02-04 02:00:35,-33.6971,-53.4616,73.02,95,100,5.79,moderate rain
186,San Patricio,US,2022-02-04 02:00:35,28.017,-97.5169,35.83,75,100,18.37,overcast clouds
187,Kiunga,PG,2022-02-04 02:00:36,-6.1219,141.2906,91.99,49,20,3.15,few clouds
188,Upernavik,GL,2022-02-04 01:49:06,72.7868,-56.1549,3.79,66,100,6.04,overcast clouds
189,Champerico,GT,2022-02-04 02:00:36,14.3,-91.9167,81.36,67,22,6.51,few clouds
190,Vila Franca Do Campo,PT,2022-02-04 01:53:21,37.7167,-25.4333,60.19,82,100,11.41,overcast clouds
191,Klaksvik,FO,2022-02-04 01:52:59,62.2266,-6.589,36.52,83,98,48.9,overcast clouds
192,Kovdor,RU,2022-02-04 02:00:37,67.5662,30.4758,2.61,100,97,2.48,overcast clouds
193,Yakeshi,CN,2022-02-04 02:00:38,49.2833,120.7333,-17.68,95,85,5.06,overcast clouds
194,Mishan,CN,2022-02-04 02:00:38,45.55,131.8833,4.42,80,43,13.53,scattered clouds
195,Santa Marta,CO,2022-02-04 01:56:50,11.2408,-74.199,82.89,70,20,15.99,few clouds
196,Burriana,ES,2022-02-04 02:00:39,39.889,-0.085,55.71,55,48,2.68,scattered clouds
197,Leoben,AT,2022-02-04 02:00:39,47.3461,15.1257,28.96,83,37,4.52,scattered clouds
198,Darhan,MN,2022-02-04 01:53:32,49.4867,105.9228,-6.84,93,22,4.27,few clouds
199,Danielskuil,ZA,2022-02-04 02:00:40,-28.1887,23.5395,61.21,70,0,4.34,clear sky
200,Xuddur,SO,2022-02-04 02:00:40,4.1213,43.8894,68.59,67,100,15.95,overcast clouds
201,San Quintin,MX,2022-02-04 02:00:41,30.4833,-115.95,57.42,62,0,4.14,clear sky
202,Gombe,NG,2022-02-04 02:00:41,10.2897,11.1673,64.51,21,31,9.82,scattered clouds
203,Matay,EG,2022-02-04 02:00:42,28.419,30.7792,49.73,53,4,10.94,clear sky
204,Arauco,CL,2022-02-04 02:00:42,-37.2463,-73.3175,60.1,85,48,9.91,scattered clouds
205,Marawi,PH,2022-02-04 01:50:36,7.9986,124.2928,71.65,84,100,2.75,overcast clouds
206,Tilichiki,RU,2022-02-04 02:00:43,60.4667,166.1,3.99,76,100,10.49,overcast clouds
207,Ugoofaaru,MV,2022-02-04 02:00:43,5.6667,73.0,80.65,74,74,8.7,broken clouds
208,Nang Rong,TH,2022-02-04 02:00:44,14.6377,102.7914,80.33,56,55,10.38,light rain
209,Le Port,RE,2022-02-04 02:00:44,-20.9373,55.2919,80.56,87,100,28.97,moderate rain
210,Vaini,TO,2022-02-04 01:47:28,-21.2,-175.2,86.16,79,75,11.5,broken clouds
211,Stranraer,GB,2022-02-04 02:00:45,54.9023,-5.0273,40.89,64,100,24.34,overcast clouds
212,Ajdabiya,LY,2022-02-04 02:00:45,30.7554,20.2263,54.14,56,67,18.88,broken clouds
213,Saurimo,AO,2022-02-04 02:00:46,-9.6608,20.3916,62.76,99,100,3.27,overcast clouds
214,Honningsvag,NO,2022-02-04 02:00:46,70.9821,25.9704,25.56,71,29,21.41,scattered clouds
215,Tamandare,BR,2022-02-04 02:00:46,-8.7597,-35.1047,78.82,76,83,8.25,broken clouds
216,Kropotkin,RU,2022-02-04 02:00:47,45.4375,40.5756,37.11,98,100,6.46,overcast clouds
217,Irituia,BR,2022-02-04 02:00:47,-1.7711,-47.4381,73.45,98,99,2.51,overcast clouds
218,Victoria,HK,2022-02-04 01:49:05,22.2855,114.1577,59.25,78,77,5.01,broken clouds
219,Arraial Do Cabo,BR,2022-02-04 01:49:08,-22.9661,-42.0278,75.43,91,100,9.73,overcast clouds
220,Nanortalik,GL,2022-02-04 02:00:48,60.1432,-45.2371,26.62,95,100,11.25,snow
221,Male,MV,2022-02-04 01:59:50,4.1748,73.5089,80.55,83,20,3.44,few clouds
222,Clyde River,CA,2022-02-04 02:00:49,70.4692,-68.5914,-5.58,96,100,17.85,light snow
223,Qaqortoq,GL,2022-02-04 02:00:50,60.7167,-46.0333,27.1,96,100,10.92,snow
224,Kaitangata,NZ,2022-02-04 01:47:42,-46.2817,169.8464,48.63,97,100,1.36,light rain
225,Miri,MY,2022-02-04 01:56:24,4.4148,114.0089,77.14,100,40,4.61,scattered clouds
226,Saint-Augustin,CA,2022-02-04 02:00:51,51.226,-58.6502,10.02,70,100,17.07,overcast clouds
227,Mecca,SA,2022-02-04 02:00:51,21.4267,39.8261,71.01,86,45,3.58,scattered clouds
228,Mar Del Plata,AR,2022-02-04 01:52:20,-38.0023,-57.5575,71.1,94,100,0.0,fog
229,Blythe,US,2022-02-04 02:00:52,33.6103,-114.5964,52.03,16,0,11.36,clear sky
230,Kruisfontein,ZA,2022-02-04 01:53:00,-34.0033,24.7314,64.89,80,62,9.19,light rain
231,Dunedin,NZ,2022-02-04 01:49:38,-45.8742,170.5036,50.7,95,100,4.7,light rain
232,Provideniya,RU,2022-02-04 01:52:46,64.3833,-173.3,4.26,59,9,23.94,clear sky
233,Itoman,JP,2022-02-04 02:00:53,26.1247,127.6694,61.18,94,75,19.57,mist
234,Nouadhibou,MR,2022-02-04 02:00:53,20.931,-17.0347,66.29,72,5,9.4,clear sky
235,Pisco,PE,2022-02-04 01:49:22,-13.7,-76.2167,69.85,78,0,17.27,clear sky
236,Atar,MR,2022-02-04 02:00:54,20.5169,-13.0499,66.88,15,0,7.61,clear sky
237,Auki,SB,2022-02-04 02:00:54,-8.7676,160.7034,76.3,95,100,9.08,overcast clouds
238,Dongsheng,CN,2022-02-04 02:00:55,39.8161,109.9776,9.81,54,0,11.23,clear sky
239,Urumqi,CN,2022-02-04 02:00:55,43.801,87.6005,-4.85,84,100,2.24,fog
240,Boysun,UZ,2022-02-04 02:00:56,38.2061,67.1986,31.26,54,0,6.87,clear sky
241,Cap Malheureux,MU,2022-02-04 02:00:56,-19.9842,57.6142,80.47,84,100,10.0,overcast clouds
242,Mananjary,MG,2022-02-04 02:00:57,-21.2167,48.3333,75.49,91,100,11.9,moderate rain
243,Tezu,IN,2022-02-04 02:00:57,27.9167,96.1667,62.33,44,68,0.98,broken clouds
244,Rioja,AR,2022-02-04 02:00:58,-29.4111,-66.8507,80.02,59,40,1.23,scattered clouds
245,Campobasso,IT,2022-02-04 02:00:58,41.6333,14.5833,43.75,82,99,7.25,overcast clouds
246,Tuatapere,NZ,2022-02-04 02:00:59,-46.1333,167.6833,49.59,91,100,4.03,overcast clouds
247,Ribeira Grande,PT,2022-02-04 02:00:59,38.5167,-28.7,58.68,74,100,17.74,overcast clouds
248,Alta Gracia,AR,2022-02-04 02:00:59,-31.6529,-64.4283,74.88,84,4,5.37,clear sky
249,Adre,TD,2022-02-04 02:01:00,13.4667,22.2,64.0,12,4,17.94,clear sky
250,Puerto Ayora,EC,2022-02-04 01:52:10,-0.7393,-90.3518,75.54,92,8,5.01,clear sky
251,Constitucion,CL,2022-02-04 02:00:56,-35.3333,-72.4167,58.17,94,37,4.68,scattered clouds
252,Nantucket,US,2022-02-04 02:01:01,41.2835,-70.0995,50.04,95,100,20.04,overcast clouds
253,Hami,CN,2022-02-04 02:01:01,42.8,93.45,22.12,37,13,3.04,few clouds
254,Svetlogorsk,BY,2022-02-04 02:01:01,52.6333,29.7333,6.13,99,76,4.61,broken clouds
255,Colac,AU,2022-02-04 02:01:02,-38.3333,143.5833,72.18,41,1,9.22,clear sky
256,Mildura,AU,2022-02-04 02:00:13,-34.2,142.15,77.07,40,0,14.99,clear sky
257,Angoram,PG,2022-02-04 02:01:03,-4.0625,144.0661,88.21,56,48,5.03,scattered clouds
258,Pacifica,US,2022-02-04 02:01:03,37.6138,-122.4869,59.25,82,75,1.99,mist
259,Abhar,IR,2022-02-04 02:01:04,36.1468,49.218,34.3,62,5,4.99,clear sky
260,Westport,US,2022-02-04 01:58:08,41.1415,-73.3579,48.74,96,100,1.01,light rain
261,Soure,BR,2022-02-04 02:01:04,-0.7167,-48.5233,78.06,86,100,10.78,overcast clouds
262,Kahului,US,2022-02-04 02:00:57,20.8947,-156.47,83.46,73,11,10.0,few clouds
263,Tromso,NO,2022-02-04 01:56:33,69.6496,18.957,19.42,53,0,13.8,clear sky
264,Codrington,AU,2022-02-04 01:52:29,-38.2667,141.9667,65.52,62,81,15.01,broken clouds
265,Kalmunai,LK,2022-02-04 01:57:29,7.4167,81.8167,74.43,81,7,3.2,clear sky
266,Aquidauana,BR,2022-02-04 02:01:05,-20.4711,-55.7872,75.83,90,100,4.68,light rain
267,Vila Velha,BR,2022-02-04 01:56:09,-20.3297,-40.2925,76.95,95,75,5.01,broken clouds
268,Kibala,TD,2022-02-04 02:01:06,9.1104,18.3463,71.62,14,54,6.62,broken clouds
269,Makat,KZ,2022-02-04 02:01:06,47.6469,53.3463,33.24,77,100,21.3,overcast clouds
270,Saint-Joseph,RE,2022-02-04 02:01:07,-21.3667,55.6167,79.16,89,100,27.63,moderate rain
271,Mutoko,ZW,2022-02-04 02:01:07,-17.397,32.2268,62.78,93,25,2.84,scattered clouds
272,Kapit,MY,2022-02-04 02:01:08,2.0167,112.9333,79.09,93,100,0.45,overcast clouds
273,Baruun-Urt,MN,2022-02-04 02:01:08,46.6806,113.2792,-5.67,87,5,6.51,clear sky
274,Mae Hong Son,TH,2022-02-04 02:01:08,19.3003,97.9685,67.08,29,0,0.87,clear sky
275,Bahia Blanca,AR,2022-02-04 01:57:05,-38.7196,-62.2724,73.27,52,2,10.33,clear sky
276,Irati,BR,2022-02-04 01:57:43,-25.4672,-50.6511,65.71,99,100,2.77,overcast clouds
277,Jardim,BR,2022-02-04 02:01:09,-21.4803,-56.1381,73.13,97,100,1.7,overcast clouds
278,San Rafael,AR,2022-02-04 01:53:13,-34.6177,-68.3301,67.53,64,100,4.97,overcast clouds
279,Manokwari,ID,2022-02-04 02:01:10,-0.8667,134.0833,80.91,76,96,3.94,light rain
280,Kedougou,SN,2022-02-04 02:01:11,12.5579,-12.1743,74.32,15,0,3.31,clear sky
281,Plettenberg Bay,ZA,2022-02-04 02:01:11,-34.0527,23.3716,63.77,81,100,6.33,light rain
282,Namibe,AO,2022-02-04 01:53:15,-15.1961,12.1522,71.11,78,2,6.24,clear sky
283,Thinadhoo,MV,2022-02-04 02:01:12,0.5333,72.9333,81.82,70,62,8.34,broken clouds
284,Ketchikan,US,2022-02-04 01:52:07,55.3422,-131.6461,46.38,87,100,16.11,heavy intensity rain
285,Virginia Beach,US,2022-02-04 01:59:28,36.8529,-75.978,63.27,73,100,3.0,overcast clouds
286,Bambous Virieux,MU,2022-02-04 01:52:22,-20.3428,57.7575,80.85,89,75,25.32,light rain
287,Srednekolymsk,RU,2022-02-04 02:01:12,67.45,153.6833,-29.2,99,47,1.21,scattered clouds
288,Pacific Grove,US,2022-02-04 01:59:12,36.6177,-121.9166,59.76,81,99,1.99,overcast clouds
289,Whakatane,NZ,2022-02-04 02:01:07,-37.9585,176.9854,77.77,65,11,9.37,few clouds
290,Dudinka,RU,2022-02-04 02:01:13,69.4058,86.1778,-21.91,100,65,4.0,broken clouds
291,Namatanai,PG,2022-02-04 02:01:14,-3.6667,152.4333,84.51,68,90,10.83,overcast clouds
292,Halifax,CA,2022-02-04 01:47:57,44.6453,-63.5724,40.89,98,100,1.01,overcast clouds
293,Grand Gaube,MU,2022-02-04 02:01:14,-20.0064,57.6608,80.38,84,100,10.0,overcast clouds
294,Ahipara,NZ,2022-02-04 02:01:15,-35.1667,173.1667,77.4,69,88,14.43,overcast clouds
295,Okhotsk,RU,2022-02-04 02:01:15,59.3833,143.3,7.93,74,88,15.43,overcast clouds
296,Sioux Lookout,CA,2022-02-04 02:01:16,50.1001,-91.917,-8.72,93,100,4.72,overcast clouds
297,Drayton Valley,CA,2022-02-04 02:00:18,53.2168,-114.9854,-3.08,97,100,7.0,light snow
298,Khorramshahr,IR,2022-02-04 02:01:16,30.4397,48.1664,55.35,62,5,10.74,clear sky
299,Kutum,SD,2022-02-04 02:01:16,14.2,24.6667,57.16,15,0,12.62,clear sky
300,Lavrentiya,RU,2022-02-04 01:52:09,65.5833,-171.0,-0.15,60,0,20.49,clear sky
301,Jalingo,NG,2022-02-04 02:01:17,8.8833,11.3667,70.79,20,6,5.84,clear sky
302,Izvoarele Sucevei,RO,2022-02-04 02:01:18,47.75,25.1833,14.7,96,100,4.99,overcast clouds
303,Baoding,CN,2022-02-04 02:01:18,38.8511,115.4903,26.53,27,0,3.0,clear sky
304,Bonthe,SL,2022-02-04 02:01:19,7.5264,-12.505,75.97,88,2,2.98,clear sky
305,Sorland,NO,2022-02-04 02:01:19,67.667,12.6934,25.2,80,100,34.14,light snow
306,Tarko-Sale,RU,2022-02-04 02:01:19,64.9225,77.785,11.25,96,99,7.81,overcast clouds
307,Tommot,RU,2022-02-04 02:01:20,58.9564,126.2925,-6.63,91,100,7.74,overcast clouds
308,Hoquiam,US,2022-02-04 01:52:05,46.9809,-123.8893,47.84,95,75,5.75,broken clouds
309,Wajima,JP,2022-02-04 02:01:20,37.4,136.9,36.43,64,99,4.7,overcast clouds
310,Petropavlovsk-Kamchatskiy,RU,2022-02-04 01:59:45,53.0452,158.6483,30.79,43,75,11.18,broken clouds
311,Shadrinsk,RU,2022-02-04 02:01:21,56.0852,63.6335,26.69,95,100,14.23,light snow
312,Pietersburg,ZA,2022-02-04 02:01:21,-23.9045,29.4688,68.31,65,25,1.36,scattered clouds
313,Los Llanos De Aridane,ES,2022-02-04 01:52:31,28.6585,-17.9182,63.12,62,0,7.0,clear sky
314,Faya,SA,2022-02-04 01:49:28,18.3851,42.4509,53.71,58,10,3.53,clear sky
315,Kamenka,RU,2022-02-04 02:01:22,51.3223,42.7678,28.74,99,100,5.01,light snow
316,Harrison,US,2022-02-04 02:01:23,30.4091,-89.0436,71.62,95,100,11.5,overcast clouds
317,Nikolskoye,RU,2022-02-04 01:52:56,59.7035,30.7861,1.29,100,100,2.17,overcast clouds
318,Kpandae,GH,2022-02-04 02:01:23,8.4689,-0.0113,76.21,14,0,5.39,clear sky
319,Mumford,GH,2022-02-04 02:01:24,5.2618,-0.759,79.03,83,19,6.58,light rain
320,Devils Lake,US,2022-02-04 02:01:24,48.1128,-98.8651,-0.29,80,100,10.0,overcast clouds
321,Alta Floresta,BR,2022-02-04 02:01:25,-9.8756,-56.0861,71.85,94,34,1.28,scattered clouds
322,Sur,OM,2022-02-04 02:01:25,22.5667,59.5289,67.26,49,0,3.62,clear sky
323,Marang,MY,2022-02-04 02:01:26,5.2056,103.2059,78.57,82,100,5.44,overcast clouds
324,Kikwit,CD,2022-02-04 01:57:20,-5.041,18.8162,66.87,98,100,1.3,overcast clouds
325,Asau,RO,2022-02-04 02:01:26,46.4333,26.4,20.32,90,23,5.91,few clouds
326,Apostolove,UA,2022-02-04 02:01:27,47.66,33.7137,25.12,86,99,12.66,overcast clouds
327,Khandyga,RU,2022-02-04 02:01:27,62.6667,135.6,-27.54,96,77,1.3,broken clouds
328,Ulaangom,MN,2022-02-04 01:53:08,49.9811,92.0667,-22.13,83,19,3.0,few clouds
329,Simao,CN,2022-02-04 02:01:28,22.7886,100.9748,58.8,42,0,0.27,clear sky
330,Ust-Kuyga,RU,2022-02-04 02:01:28,70.0167,135.6,-34.28,100,100,4.25,overcast clouds
331,Noumea,NC,2022-02-04 02:01:29,-22.2763,166.4572,87.78,90,100,10.29,overcast clouds
332,Lokosovo,RU,2022-02-04 02:01:29,61.1333,74.8167,23.49,95,100,12.26,snow
333,Turkistan,KZ,2022-02-04 02:01:30,43.0,68.0,32.88,72,3,12.03,clear sky
334,Machilipatnam,IN,2022-02-04 02:01:30,16.1667,81.1333,71.8,77,17,7.74,few clouds
335,Sabla,NG,2022-02-04 02:01:30,12.7525,4.7077,65.16,15,0,17.2,clear sky
336,Ouahigouya,BF,2022-02-04 02:00:49,13.5828,-2.4216,66.79,14,5,10.07,clear sky
337,Kulu,TR,2022-02-04 02:01:31,39.0951,33.0799,32.41,98,100,10.33,light snow
338,Noshiro,JP,2022-02-04 02:01:31,40.2039,140.0242,29.34,69,100,18.54,light snow
339,Wonthaggi,AU,2022-02-04 02:01:32,-38.6044,145.5913,76.05,57,6,14.56,clear sky
340,Nazarovo,RU,2022-02-04 02:01:32,56.0064,90.3914,-0.74,97,100,3.91,overcast clouds
341,Shache,CN,2022-02-04 02:01:33,38.4167,77.2406,23.61,48,99,3.47,overcast clouds
342,Vanimo,PG,2022-02-04 02:01:33,-2.6741,141.3028,83.44,70,52,3.36,broken clouds
343,Samarai,PG,2022-02-04 02:01:34,-10.6167,150.6667,84.7,70,88,7.76,overcast clouds
344,Sasina,BA,2022-02-04 02:01:34,44.7987,16.739,30.18,74,100,4.07,overcast clouds
345,Luwingu,ZM,2022-02-04 02:01:34,-10.2621,29.9271,61.84,97,100,6.73,overcast clouds
346,Syriam,MM,2022-02-04 02:01:35,16.7722,96.2378,69.91,73,5,5.75,clear sky
347,Alofi,NU,2022-02-04 01:53:31,-19.0595,-169.9187,80.49,83,100,5.75,overcast clouds
348,Lagoa,PT,2022-02-04 02:01:35,39.05,-27.9833,57.76,74,100,13.2,overcast clouds
349,Awjilah,LY,2022-02-04 02:01:36,29.1081,21.2869,50.38,60,7,12.66,clear sky
350,Kodiak,US,2022-02-04 01:52:26,57.79,-152.4072,40.51,87,100,6.91,mist
351,Santa Rosa,PH,2022-02-04 01:52:39,14.3122,121.1114,86.09,70,85,12.37,overcast clouds
352,Qarchi Gak,AF,2022-02-04 02:01:37,37.04,66.7889,42.26,71,0,18.21,clear sky
353,Sorong,ID,2022-02-04 01:58:18,-0.8833,131.25,84.27,72,78,8.66,broken clouds
354,Ilulissat,GL,2022-02-04 01:52:32,69.2167,-51.1,14.56,93,100,19.84,light snow
355,Deputatskiy,RU,2022-02-04 01:49:21,69.3,139.9,-24.29,97,49,2.04,scattered clouds
356,Guerrero Negro,MX,2022-02-04 02:01:37,27.9769,-114.0611,59.94,30,0,16.78,clear sky
357,Sitka,US,2022-02-04 02:01:38,57.0531,-135.33,44.49,87,100,18.41,light rain
358,Abapo,BO,2022-02-04 02:01:38,-18.8333,-63.4667,67.32,95,76,0.58,broken clouds
359,Norman Wells,CA,2022-02-04 01:48:26,65.282,-126.8329,-34.56,67,20,3.44,few clouds
360,Zhuhai,CN,2022-02-04 02:01:39,22.2769,113.5678,59.97,76,40,20.71,scattered clouds
361,San Joaquin,US,2022-02-04 02:01:39,37.9333,-121.3011,57.15,47,0,0.0,clear sky
362,Avera,US,2022-02-04 02:01:40,33.194,-82.5271,69.85,72,100,14.88,overcast clouds
363,Zabid,YE,2022-02-04 02:01:40,14.1951,43.3152,74.35,65,1,6.33,clear sky
364,Chicama,PE,2022-02-04 02:01:41,-7.8447,-79.1469,72.32,73,53,6.76,broken clouds
365,Poya,NC,2022-02-04 02:01:41,-21.35,165.15,79.68,88,100,5.23,overcast clouds
366,Uvarovka,RU,2022-02-04 02:01:42,55.5278,35.6061,11.21,98,94,2.89,overcast clouds
367,Anloga,GH,2022-02-04 02:01:42,5.7947,0.8973,80.2,81,0,7.16,clear sky
368,Shannon,IE,2022-02-04 02:01:42,52.7039,-8.8642,41.13,87,75,14.97,broken clouds
369,Nabire,ID,2022-02-04 01:53:45,-3.3667,135.4833,78.37,87,100,2.44,overcast clouds
370,Bosaso,SO,2022-02-04 02:01:43,11.2842,49.1816,70.32,77,5,2.1,clear sky
371,Mackay,AU,2022-02-04 02:01:43,-21.15,149.2,81.68,70,100,10.02,overcast clouds
372,Nyurba,RU,2022-02-04 02:01:44,63.2842,118.3319,-27.18,100,86,3.2,overcast clouds
373,Hudson Bay,CA,2022-02-04 02:01:45,52.85,-102.3842,-15.59,97,56,5.03,broken clouds
374,Yuzhnyy,RU,2022-02-04 02:01:45,53.2542,83.6936,3.58,85,75,4.47,fog
375,Russell,US,2022-02-04 02:01:45,32.3502,-85.1999,69.4,87,100,14.97,moderate rain
376,Kangaatsiaq,GL,2022-02-04 02:01:46,68.3065,-53.4641,13.1,77,100,30.02,overcast clouds
377,Gondanglegi,ID,2022-02-04 02:01:46,-7.7479,112.0132,81.05,77,100,2.59,overcast clouds
378,Kungurtug,RU,2022-02-04 01:52:40,50.5994,97.5228,-13.38,98,88,1.01,overcast clouds
379,Rio Viejo,CO,2022-02-04 02:01:47,8.5874,-73.839,81.86,60,20,2.13,few clouds
380,Ngunguru,NZ,2022-02-04 02:01:47,-35.6167,174.5,78.17,81,29,13.78,scattered clouds
381,Fare,PF,2022-02-04 01:52:35,-16.7,-151.0167,81.23,70,0,14.61,clear sky
382,Ahuimanu,US,2022-02-04 02:01:48,21.4447,-157.8378,78.46,57,0,3.0,clear sky
383,Hisua,IN,2022-02-04 02:01:48,24.8333,85.4167,59.52,84,0,12.17,clear sky
384,Kokopo,PG,2022-02-04 02:01:49,-4.352,152.2633,85.14,64,56,13.47,broken clouds
385,Apitong,PH,2022-02-04 02:01:49,13.2391,121.2075,82.87,88,84,5.46,broken clouds
386,Laguna,US,2022-02-04 01:52:17,38.421,-121.4238,59.09,58,0,0.0,clear sky
387,Haukipudas,FI,2022-02-04 02:01:50,65.1765,25.3523,0.14,90,78,6.82,broken clouds
388,Leh,IN,2022-02-04 02:01:50,34.1667,77.5833,3.38,97,100,1.79,overcast clouds
389,Ibra,OM,2022-02-04 02:01:51,22.6906,58.5334,59.61,67,0,4.03,clear sky
390,Ponta Delgada,PT,2022-02-04 02:01:51,37.7333,-25.6667,60.49,77,20,12.66,few clouds
391,La Roda,ES,2022-02-04 02:01:51,39.2167,-2.15,45.91,64,86,9.17,overcast clouds
392,Richards Bay,ZA,2022-02-04 01:52:20,-28.783,32.0377,76.14,94,92,6.26,moderate rain
393,Pachuquilla,MX,2022-02-04 02:01:52,20.0667,-98.7,57.54,61,48,5.32,scattered clouds
394,Birjand,IR,2022-02-04 02:01:52,32.8663,59.2211,39.99,23,58,1.25,broken clouds
395,Pangnirtung,CA,2022-02-04 02:01:53,66.1451,-65.7125,-13.38,99,100,4.59,overcast clouds
396,Harper,LR,2022-02-04 01:57:01,4.375,-7.7169,77.81,84,13,3.56,light rain
397,Jiaozuo,CN,2022-02-04 02:01:54,35.2397,113.2331,39.13,46,0,3.96,clear sky
398,Chokwe,MZ,2022-02-04 02:01:54,-24.5333,32.9833,76.03,76,0,3.94,clear sky
399,Tautira,PF,2022-02-04 01:52:44,-17.7333,-149.15,87.82,76,42,15.41,scattered clouds
400,Sabang,ID,2022-02-04 01:52:25,5.8933,95.3214,82.29,71,87,14.03,overcast clouds
401,Angoche,MZ,2022-02-04 02:01:55,-16.2325,39.9086,74.68,90,100,5.59,overcast clouds
402,El Prat De Llobregat,ES,2022-02-04 02:01:55,41.3278,2.0947,55.74,78,0,9.22,clear sky
403,Ringas,IN,2022-02-04 02:01:55,27.35,75.5667,50.79,88,0,6.71,clear sky
404,Paranga,RU,2022-02-04 02:01:56,56.7039,49.4047,15.28,94,100,8.37,overcast clouds
405,Bermejo,AR,2022-02-04 02:01:56,-32.8833,-68.8,70.11,60,35,19.51,scattered clouds
406,Kitoy,RU,2022-02-04 02:01:57,52.6,103.9,-10.32,96,97,0.51,overcast clouds
407,Katobu,ID,2022-02-04 02:01:57,-4.9408,122.5276,86.27,62,90,7.78,overcast clouds
408,Talnakh,RU,2022-02-04 02:01:58,69.4865,88.3972,-13.54,98,79,7.2,broken clouds
409,Nyrob,RU,2022-02-04 02:01:58,60.733,56.7202,2.07,100,100,2.95,overcast clouds
410,Riyadh,SA,2022-02-04 02:00:01,24.6877,46.7219,61.61,37,12,5.59,few clouds
411,Nishihara,JP,2022-02-04 02:01:59,26.1842,127.7558,60.46,94,75,19.57,mist
412,Shingu,JP,2022-02-04 01:59:44,33.7333,135.9833,45.59,33,87,2.66,overcast clouds
413,Kirkwall,GB,2022-02-04 02:01:59,58.9848,-2.9587,35.65,80,75,24.16,broken clouds
414,Grindavik,IS,2022-02-04 02:02:00,63.8424,-22.4338,27.07,68,75,19.57,broken clouds
415,Tombouctou,ML,2022-02-04 02:02:00,20.0,-3.0,62.33,12,0,10.18,clear sky
416,Oussouye,SN,2022-02-04 02:02:00,12.485,-16.5469,70.63,73,0,6.17,clear sky
417,Mahalingpur,IN,2022-02-04 02:00:23,16.3833,75.1167,59.58,72,11,6.33,few clouds
418,Bridlington,GB,2022-02-04 02:02:01,54.0831,-0.1919,50.18,87,100,14.32,overcast clouds
419,Torbay,CA,2022-02-04 01:52:28,47.6666,-52.7314,38.57,83,100,24.16,overcast clouds
420,Elizabeth City,US,2022-02-04 02:02:02,36.2946,-76.2511,63.01,80,100,3.0,overcast clouds
421,San Cristobal,VE,2022-02-04 01:49:10,7.7669,-72.225,75.38,64,85,1.43,overcast clouds
422,Leningradskiy,RU,2022-02-04 01:52:05,69.3833,178.4167,-8.3,81,2,8.59,clear sky
423,Hodal,IN,2022-02-04 01:59:56,27.9,77.3667,51.58,94,86,9.86,overcast clouds
424,Cozumel,MX,2022-02-04 02:02:03,20.5083,-86.9458,78.12,86,0,1.01,clear sky
425,Elko,US,2022-02-04 02:01:38,41.0002,-115.5012,25.7,71,11,3.89,few clouds
426,Aykhal,RU,2022-02-04 01:53:37,66.0,111.5,-21.62,100,100,0.85,overcast clouds
427,Santiago Del Estero,AR,2022-02-04 01:58:43,-27.7951,-64.2615,79.29,66,17,3.6,few clouds
428,Kyzyl-Suu,KG,2022-02-04 02:02:04,42.3414,78.0056,21.24,81,100,5.59,light snow
429,Tepelene,AL,2022-02-04 02:02:04,40.2958,20.0192,37.18,58,59,2.53,broken clouds
430,Solnechnyy,RU,2022-02-04 02:02:05,50.7214,136.6319,0.25,93,99,2.42,overcast clouds
431,Port Hardy,CA,2022-02-04 02:01:38,50.6996,-127.4199,45.75,94,100,13.51,overcast clouds
432,Amahai,ID,2022-02-04 02:02:05,-3.3333,128.9167,85.93,59,100,1.14,light rain
433,West Wendover,US,2022-02-04 01:53:32,40.7391,-114.0733,26.49,56,49,2.66,scattered clouds
434,Sosva,RU,2022-02-04 02:02:06,59.1766,61.8558,21.24,94,100,5.97,overcast clouds
435,Ashcroft,CA,2022-02-04 02:01:35,50.7165,-121.2859,24.62,97,77,2.64,broken clouds
436,Buenos Aires,AR,2022-02-04 01:58:33,-34.6132,-58.3772,73.96,86,75,12.66,broken clouds
437,Santa Rosalia,MX,2022-02-04 02:02:06,27.3167,-112.2833,53.53,48,0,11.92,clear sky
438,Kloulklubed,PW,2022-02-04 02:02:07,7.0419,134.2556,82.38,76,30,22.15,scattered clouds
439,Tura,IN,2022-02-04 02:02:07,25.5198,90.2201,60.22,69,100,1.63,light rain
440,Yenagoa,NG,2022-02-04 02:02:08,4.9247,6.2642,76.87,85,6,2.42,clear sky
441,Santa Maria,BR,2022-02-04 02:02:08,-29.6842,-53.8069,74.5,83,75,3.44,broken clouds
442,Cabo San Lucas,MX,2022-02-04 02:02:09,22.8909,-109.9124,67.51,57,45,5.55,scattered clouds
443,Naze,JP,2022-02-04 02:02:09,28.3667,129.4833,53.96,73,100,17.45,overcast clouds
444,Dalbandin,PK,2022-02-04 02:02:10,28.8947,64.4101,44.78,33,0,4.25,clear sky
445,Portobelo,PA,2022-02-04 02:02:10,9.55,-79.65,78.62,87,16,10.56,few clouds
446,Beringovskiy,RU,2022-02-04 02:02:10,63.05,179.3167,0.86,77,100,18.43,overcast clouds
447,Camacha,PT,2022-02-04 02:02:11,33.0833,-16.3333,62.53,94,20,8.05,few clouds
448,Narsaq,GL,2022-02-04 01:53:48,60.9167,-46.05,24.08,97,100,7.7,snow
449,Berezovyy,RU,2022-02-04 02:02:11,51.6667,135.7,1.94,87,100,0.43,overcast clouds
450,Isfana,KG,2022-02-04 02:02:12,39.8386,69.5306,25.36,41,0,8.16,clear sky
451,Conceicao Do Araguaia,BR,2022-02-04 02:02:12,-8.2578,-49.2647,73.83,93,55,3.15,broken clouds
452,Griffith,US,2022-02-04 02:02:13,41.5284,-87.4237,24.98,71,100,4.0,overcast clouds
453,Tabuk,PH,2022-02-04 02:02:13,17.4189,121.4443,76.12,80,60,4.72,broken clouds
454,Merced,US,2022-02-04 01:58:40,37.1666,-120.7516,57.69,41,13,2.89,few clouds
455,Butterworth,MY,2022-02-04 02:02:14,5.3991,100.3638,84.24,75,20,5.75,few clouds
456,Sokolo,ML,2022-02-04 02:02:14,14.7328,-6.1219,69.22,14,8,8.21,clear sky
457,Paragominas,BR,2022-02-04 02:02:15,-2.9667,-47.4833,72.0,99,98,3.36,moderate rain
458,Gorontalo,ID,2022-02-04 01:53:36,0.5412,123.0595,82.49,75,100,4.92,overcast clouds
459,Ancud,CL,2022-02-04 01:52:27,-41.8697,-73.8203,61.23,96,44,3.18,scattered clouds
460,Lincoln,US,2022-02-04 02:01:54,40.8,-96.667,13.53,42,0,0.0,clear sky
461,Minab,IR,2022-02-04 02:02:16,27.1467,57.0801,62.73,36,0,3.13,clear sky
462,Goure,NE,2022-02-04 02:02:16,13.9835,10.2704,58.01,19,0,12.33,clear sky
463,Pishva,IR,2022-02-04 02:02:16,35.308,51.7267,45.61,43,38,4.38,scattered clouds
464,Turochak,RU,2022-02-04 02:02:17,52.2576,87.1224,-7.13,98,76,3.04,broken clouds
465,Vardo,NO,2022-02-04 02:02:17,70.3705,31.1107,26.62,63,100,13.06,light snow
466,Amarante,BR,2022-02-04 02:02:18,-6.2411,-42.8547,78.26,61,68,2.17,broken clouds
467,Havre-Saint-Pierre,CA,2022-02-04 01:53:11,50.2334,-63.5986,12.79,61,100,17.27,overcast clouds
468,Graaff-Reinet,ZA,2022-02-04 02:02:19,-32.2522,24.5308,60.93,83,100,7.05,light rain
469,Bengkulu,ID,2022-02-04 02:02:19,-3.8004,102.2655,78.3,83,98,3.15,overcast clouds
470,Yarada,IN,2022-02-04 02:02:19,17.65,83.2667,70.12,94,40,2.3,mist
471,Edd,ER,2022-02-04 01:52:25,13.9297,41.6925,81.16,32,2,14.83,clear sky
472,Mahajanga,MG,2022-02-04 02:02:20,-15.7167,46.3167,78.82,89,40,5.75,scattered clouds
473,Korsakov,RU,2022-02-04 02:02:20,46.6328,142.7813,17.44,74,96,16.33,overcast clouds
474,Bokoro,TD,2022-02-04 02:02:21,12.3807,17.0568,63.27,17,46,13.27,scattered clouds
475,Urengoy,RU,2022-02-04 02:02:21,65.9667,78.3667,4.73,97,100,5.57,overcast clouds
476,Antsohihy,MG,2022-02-04 02:02:22,-14.8796,47.9875,72.41,98,100,3.13,moderate rain
477,Anori,BR,2022-02-04 02:02:22,-3.7728,-61.6442,73.36,98,100,1.81,light rain
478,Kattivakkam,IN,2022-02-04 02:02:22,13.2167,80.3167,75.29,86,40,8.08,scattered clouds
479,Wanning,CN,2022-02-04 02:02:23,18.8003,110.3967,65.08,87,100,10.42,overcast clouds
480,Balangiga,PH,2022-02-04 02:02:24,11.1097,125.3875,75.9,87,100,14.76,overcast clouds
481,Buchanan,LR,2022-02-04 02:02:25,5.8808,-10.0467,78.6,84,6,4.43,clear sky
482,Tambo,PE,2022-02-04 02:02:25,-14.8,-73.9167,36.43,95,99,5.08,overcast clouds
483,Kibaya,TZ,2022-02-04 02:02:25,-5.3,36.5667,58.6,95,100,1.1,overcast clouds
484,Envira,BR,2022-02-04 02:02:26,-7.3,-70.2167,71.08,98,35,2.86,light rain
485,Aksarka,RU,2022-02-04 01:53:35,66.5606,67.7975,-13.29,100,99,1.23,overcast clouds
486,Saint Anthony,US,2022-02-04 02:02:27,45.0205,-93.218,1.02,63,0,1.01,clear sky
487,Zaragoza,ES,2022-02-04 02:00:50,41.6561,-0.8773,49.01,62,0,8.01,clear sky
488,Kisangani,CD,2022-02-04 02:00:23,0.5167,25.2,69.33,91,100,1.99,overcast clouds
489,Bam,IR,2022-02-04 02:02:27,29.106,58.357,48.69,26,0,2.24,clear sky
490,Haines Junction,CA,2022-02-04 02:02:28,60.7522,-137.5108,0.32,99,100,3.4,light snow
491,Tammisaari,FI,2022-02-04 02:02:28,59.9736,23.4339,22.1,90,94,10.2,overcast clouds
492,Natal,BR,2022-02-04 02:00:02,-5.795,-35.2094,80.58,73,15,10.92,few clouds
493,Lerici,IT,2022-02-04 02:02:29,44.0759,9.9112,53.01,90,100,7.72,overcast clouds
494,Athabasca,CA,2022-02-04 01:59:41,54.7169,-113.2854,-9.58,92,100,4.85,overcast clouds
495,Nome,US,2022-02-04 02:02:30,64.5011,-165.4064,5.16,67,100,32.99,overcast clouds
496,Khani,GE,2022-02-04 02:02:30,41.9563,42.9566,29.77,74,100,7.34,overcast clouds
497,Acajutla,SV,2022-02-04 02:02:31,13.5928,-89.8275,77.09,78,0,5.32,clear sky
498,Fukuma,JP,2022-02-04 02:02:31,33.7667,130.4667,47.03,46,43,14.27,scattered clouds
499,Solano,US,2022-02-04 02:00:01,38.2333,-121.9511,57.9,52,68,2.82,broken clouds
500,Abu Kamal,SY,2022-02-04 02:02:32,34.4506,40.9171,51.84,50,100,11.68,overcast clouds
501,Umm Lajj,SA,2022-02-04 02:01:30,25.0213,37.2685,68.34,48,0,18.41,clear sky
502,Bichura,RU,2022-02-04 02:02:32,50.5881,107.6022,-0.22,95,60,2.08,broken clouds
503,Togur,RU,2022-02-04 02:02:33,58.3631,82.8265,8.85,94,100,8.63,overcast clouds
504,Umtata,ZA,2022-02-04 02:02:33,-31.5889,28.7844,62.6,96,100,1.43,light rain
505,Puerto Leguizamo,CO,2022-02-04 02:02:34,-0.1934,-74.7819,73.26,95,95,3.06,overcast clouds
506,Baghdad,IQ,2022-02-04 02:02:34,33.3406,44.4009,55.18,34,47,11.16,scattered clouds
507,Saskatoon,CA,2022-02-04 02:00:00,52.1168,-106.6345,-20.02,68,20,8.99,few clouds
508,Zhezkazgan,KZ,2022-02-04 02:02:35,47.8043,67.7144,-0.42,78,0,13.42,clear sky
509,Viedma,AR,2022-02-04 02:02:17,-40.8135,-62.9967,70.43,48,11,8.46,few clouds
510,Ilam,NP,2022-02-04 02:02:35,26.9167,87.9167,45.77,88,100,6.87,moderate rain
511,Cayenne,GF,2022-02-04 02:00:55,4.9333,-52.3333,79.09,87,75,5.01,broken clouds
512,Wuwei,CN,2022-02-04 02:02:36,37.9281,102.6414,20.46,31,52,1.88,broken clouds
513,Mitsamiouli,KM,2022-02-04 02:02:36,-11.3847,43.2844,82.0,76,100,9.8,overcast clouds
514,Mirnyy,RU,2022-02-04 02:02:37,62.5353,113.9611,-13.07,100,88,1.41,overcast clouds
515,Vitim,RU,2022-02-04 02:02:37,59.4511,112.5578,9.0,94,100,8.32,light snow
516,Sovetskaya,RU,2022-02-04 02:02:37,44.7769,41.1722,32.83,95,100,7.16,light snow
517,Kuandian,CN,2022-02-04 02:02:38,40.7286,124.7847,12.11,48,0,8.48,clear sky
518,Alakurtti,RU,2022-02-04 02:02:38,66.9672,30.3491,7.47,98,95,1.36,overcast clouds
519,Mogadishu,SO,2022-02-04 02:02:39,2.0371,45.3438,75.9,79,5,19.55,clear sky
520,Lianyuan,CN,2022-02-04 02:02:39,27.6883,111.6642,42.28,69,3,2.71,clear sky
521,Cockburn Town,TC,2022-02-04 02:02:39,21.4612,-71.1419,75.76,71,0,20.56,clear sky
522,Hambantota,LK,2022-02-04 02:02:40,6.1241,81.1185,70.14,100,20,1.14,few clouds
523,Hervey Bay,AU,2022-02-04 02:02:36,-25.2986,152.8535,80.02,71,99,17.0,overcast clouds
524,Obo,CF,2022-02-04 02:02:41,5.3998,26.4869,72.7,30,100,4.41,overcast clouds
525,Barstow,US,2022-02-04 02:02:41,34.8986,-117.0228,51.64,24,3,6.87,clear sky
526,Iquitos,PE,2022-02-04 02:02:41,-3.7481,-73.2472,73.11,97,100,0.76,overcast clouds
527,Tonj,SS,2022-02-04 02:02:42,7.2737,28.6822,77.79,30,100,3.78,overcast clouds
528,Gryazovets,RU,2022-02-04 02:02:42,58.88,40.2525,5.04,99,99,1.7,overcast clouds
529,Kolosovka,RU,2022-02-04 02:02:43,56.4678,73.611,19.98,80,100,16.6,overcast clouds
530,Xai-Xai,MZ,2022-02-04 02:02:43,-25.0519,33.6442,74.12,89,0,3.67,clear sky
531,Kulhudhuffushi,MV,2022-02-04 02:02:43,6.6221,73.07,80.53,70,34,8.46,scattered clouds
532,Moose Factory,CA,2022-02-04 02:02:44,51.2585,-80.6094,-23.15,100,11,4.09,few clouds
533,Tolaga Bay,NZ,2022-02-04 02:02:44,-38.3667,178.3,77.76,55,4,13.47,clear sky
534,The Valley,AI,2022-02-04 01:55:19,18.217,-63.0578,76.86,83,20,4.61,few clouds
535,Ust-Kulom,RU,2022-02-04 02:02:46,61.6864,53.6902,1.72,99,88,2.64,overcast clouds
536,Redmond,US,2022-02-04 01:52:30,47.674,-122.1215,49.08,85,100,1.01,overcast clouds
537,Saint-Leu,RE,2022-02-04 02:02:47,-21.15,55.2833,79.63,86,100,8.34,light rain
538,Arbagar,RU,2022-02-04 02:02:48,51.9438,116.2805,-14.98,91,10,1.68,clear sky
539,Benguela,AO,2022-02-04 01:50:27,-12.5763,13.4055,74.01,75,98,2.19,overcast clouds
540,Trinidad,BO,2022-02-04 02:02:48,-14.8333,-64.9,74.79,92,82,4.88,broken clouds
541,Palmas Bellas,PA,2022-02-04 02:02:49,9.2319,-80.0867,80.51,85,12,6.22,few clouds
542,Betafo,MG,2022-02-04 02:02:49,-19.8333,46.85,61.68,92,99,5.44,overcast clouds
543,Biak,ID,2022-02-04 01:55:26,-0.9131,122.8766,83.44,61,100,0.81,overcast clouds
544,Zhireken,RU,2022-02-04 02:02:50,52.8249,117.3076,-9.62,81,15,2.55,few clouds
545,Berlevag,NO,2022-02-04 02:02:50,70.8578,29.0864,21.4,80,98,13.91,overcast clouds
546,Fougeres,FR,2022-02-04 02:02:50,48.35,-1.2,47.32,93,43,7.7,scattered clouds
547,Sakakah,SA,2022-02-04 02:02:51,29.9697,40.2064,52.3,48,0,13.67,clear sky
548,Johnson City,US,2022-02-04 02:02:51,36.3134,-82.3535,61.23,77,100,9.22,mist
549,Poso,ID,2022-02-04 02:02:52,-1.3959,120.7524,84.22,62,100,3.0,overcast clouds
550,Bintulu,MY,2022-02-04 02:02:52,3.1667,113.0333,79.93,84,87,4.7,overcast clouds
551,Pechory,RU,2022-02-04 02:02:52,57.8164,27.6119,11.1,98,85,2.77,overcast clouds
552,Sulangan,PH,2022-02-04 01:55:45,11.1373,123.7228,79.36,80,93,17.18,overcast clouds
553,Luba,GQ,2022-02-04 02:02:53,3.4568,8.5547,80.01,79,92,6.4,light rain
554,Havelock,US,2022-02-04 02:02:53,34.8791,-76.9013,66.18,85,100,5.01,overcast clouds
555,Kuytun,RU,2022-02-04 02:02:54,54.3419,101.5036,-14.42,100,95,2.59,overcast clouds
556,Gimli,CA,2022-02-04 01:54:01,50.6336,-96.9907,-3.87,71,100,14.97,overcast clouds
557,Banda Aceh,ID,2022-02-04 02:02:54,5.5577,95.3222,81.25,73,63,8.57,broken clouds
558,Tula,RU,2022-02-04 02:02:55,54.2044,37.6111,9.41,96,99,3.49,light snow
559,Matehuala,MX,2022-02-04 02:02:55,23.65,-100.65,69.12,27,100,11.97,overcast clouds
560,Lorengau,PG,2022-02-04 02:02:16,-2.0226,147.2712,84.72,64,100,9.08,overcast clouds
561,Pangoa,PE,2022-02-04 02:02:56,-12.1167,-73.0,69.13,99,99,0.47,overcast clouds
562,Qui Nhon,VN,2022-02-04 02:02:56,13.7667,109.2333,72.34,87,100,14.5,overcast clouds
563,Santiago De Cao,PE,2022-02-04 02:02:57,-7.9589,-79.2392,70.03,84,39,12.03,scattered clouds
564,Mariental,NA,2022-02-04 02:02:57,-24.6333,17.9667,77.29,41,100,10.65,overcast clouds
565,Bamako,ML,2022-02-04 02:02:58,12.65,-8.0,70.21,23,0,6.91,clear sky
566,Marrakesh,MA,2022-02-04 02:00:10,31.6315,-8.0083,57.27,47,0,2.3,clear sky
567,Lerwick,GB,2022-02-04 02:00:39,60.1545,-1.1494,39.2,57,100,30.13,overcast clouds
568,Tateyama,JP,2022-02-04 02:02:58,34.9833,139.8667,47.14,60,100,8.88,overcast clouds
569,Wakkanai,JP,2022-02-04 02:02:59,45.4094,141.6739,24.78,73,100,15.19,light snow
570,Yayva,RU,2022-02-04 02:02:59,59.3303,57.2641,0.9,100,100,0.85,overcast clouds
571,Maniitsoq,GL,2022-02-04 02:03:00,65.4167,-52.9,12.2,82,100,21.32,light snow
572,Hurghada,EG,2022-02-04 02:03:00,27.2574,33.8129,55.72,43,0,11.36,clear sky
573,Margate,GB,2022-02-04 01:55:55,51.3813,1.3862,48.96,83,100,20.92,overcast clouds
574,Jacksonville Beach,US,2022-02-04 02:03:00,30.2947,-81.3931,70.02,80,75,5.01,broken clouds
575,Sparks,US,2022-02-04 02:00:00,39.5349,-119.7527,42.01,44,0,1.99,clear sky
576,Batesville,US,2022-02-04 01:58:16,35.7698,-91.641,24.84,76,100,5.99,overcast clouds
577,Cabedelo,BR,2022-02-04 02:00:47,-6.9811,-34.8339,80.58,74,99,12.91,overcast clouds
578,Rojhan,PK,2022-02-04 02:03:02,28.6868,69.9534,52.21,38,0,8.84,clear sky
579,Tigtabon,PH,2022-02-04 02:03:02,6.8956,122.1669,83.16,66,43,3.29,scattered clouds
580,Sola,VU,2022-02-04 01:54:22,-13.8833,167.55,83.07,84,100,0.0,light rain
581,Ust-Kut,RU,2022-02-04 02:03:03,56.7938,105.7672,6.62,96,100,3.96,overcast clouds
582,Kendari,ID,2022-02-04 02:03:03,-3.945,122.4989,85.78,65,90,3.02,overcast clouds
583,Mezhdurechenskiy,RU,2022-02-04 02:03:04,59.6,65.9333,24.12,95,100,8.37,overcast clouds
584,Tazovskiy,RU,2022-02-04 02:03:04,67.4667,78.7,1.62,97,99,7.05,overcast clouds
585,Hilton Head Island,US,2022-02-04 01:59:51,32.2163,-80.7526,66.06,88,20,10.36,few clouds
586,Barroquinha,BR,2022-02-04 02:03:05,-3.0189,-41.1361,78.58,88,100,4.85,overcast clouds
587,Taoudenni,ML,2022-02-04 02:03:06,22.6783,-3.9836,62.31,20,39,10.25,scattered clouds
588,Porto Novo,BJ,2022-02-04 02:03:06,6.4965,2.6036,77.02,86,0,6.2,clear sky
589,Rovinj,HR,2022-02-04 02:03:06,45.08,13.64,47.28,77,100,10.96,overcast clouds
590,Punta Alta,AR,2022-02-04 02:03:07,-38.8759,-62.0736,72.07,55,3,11.1,clear sky
591,Soltsy,RU,2022-02-04 02:03:07,58.1239,30.3238,2.26,100,98,1.9,overcast clouds
592,Apac,UG,2022-02-04 02:03:08,1.9756,32.5386,69.87,48,100,4.81,overcast clouds
593,Zyryanka,RU,2022-02-04 01:55:23,65.75,150.85,-23.62,99,100,4.85,overcast clouds
594,Paamiut,GL,2022-02-04 01:55:06,61.994,-49.6678,19.4,95,100,10.04,snow
595,Bow Island,CA,2022-02-04 02:03:09,49.8668,-111.3684,4.48,91,99,7.23,overcast clouds
596,Iquique,CL,2022-02-04 02:02:18,-20.2208,-70.1431,68.14,75,46,1.12,scattered clouds
597,Calvia,ES,2022-02-04 02:03:09,39.5657,2.5062,53.42,80,93,3.04,overcast clouds
598,Kavaratti,IN,2022-02-04 01:55:44,10.5669,72.642,79.23,64,2,8.03,clear sky
599,Cividale Del Friuli,IT,2022-02-04 02:03:10,46.0931,13.4275,45.95,84,100,1.45,overcast clouds
600,Qasigiannguit,GL,2022-02-04 02:03:10,68.8193,-51.1922,19.65,94,100,10.98,snow
601,Ouango,CF,2022-02-04 02:03:11,4.3133,22.5552,74.21,36,100,1.43,overcast clouds
602,Carballo,ES,2022-02-04 02:03:11,43.213,-8.691,52.86,92,100,2.93,overcast clouds
603,Agadez,NE,2022-02-04 02:03:12,19.75,10.25,49.68,31,0,10.71,clear sky
604,Sindor,RU,2022-02-04 02:03:12,62.8629,51.8905,10.72,98,98,3.62,overcast clouds
605,Ouesso,CG,2022-02-04 02:03:13,1.6136,16.0517,70.11,58,100,2.68,overcast clouds
606,Foumban,CM,2022-02-04 02:03:13,5.7291,10.9001,66.74,57,90,1.34,overcast clouds
607,Mumbwa,ZM,2022-02-04 02:03:13,-14.9783,27.0619,63.72,98,100,4.72,light rain
608,Paoua,CF,2022-02-04 02:03:14,7.2427,16.4406,66.72,20,27,6.29,scattered clouds
609,Providencia,MX,2022-02-04 02:03:14,28.7167,-111.5833,59.85,43,0,16.04,clear sky
610,Krishnarajasagara,IN,2022-02-04 02:03:15,12.4089,76.5797,62.35,74,11,5.14,few clouds
611,Chara,RU,2022-02-04 02:03:15,56.9064,118.2631,-16.6,93,68,0.38,broken clouds
612,Mount Gambier,AU,2022-02-04 02:03:16,-37.8333,140.7667,71.17,43,10,9.86,clear sky
613,Massakory,TD,2022-02-04 02:03:16,12.996,15.7293,63.37,16,16,12.08,few clouds
614,Jilove,CZ,2022-02-04 02:03:17,50.7608,14.1038,42.91,97,100,3.8,overcast clouds
615,Micomeseng,GQ,2022-02-04 02:03:17,2.1462,10.6164,68.94,95,100,1.3,overcast clouds
616,Saint-Louis,SN,2022-02-04 02:03:18,16.3333,-15.0,73.47,9,0,10.2,clear sky
617,Gat,IL,2022-02-04 01:54:09,31.61,34.7642,53.4,3,5,11.81,clear sky
618,Brainerd,US,2022-02-04 02:01:33,46.358,-94.2008,-1.91,89,100,4.63,overcast clouds
619,Lucea,JM,2022-02-04 02:03:18,18.451,-78.1736,76.86,79,2,9.01,clear sky
620,Georgiyevka,KZ,2022-02-04 02:03:19,43.0369,74.7114,21.24,93,5,4.47,clear sky
621,Lake Charles,US,2022-02-04 02:03:19,30.2131,-93.2044,42.78,83,100,13.8,light intensity drizzle
622,Mahina,PF,2022-02-04 02:03:20,-17.5065,-149.489,87.57,62,20,9.22,few clouds
623,Srandakan,ID,2022-02-04 01:54:36,-7.9386,110.2506,75.72,69,95,1.57,overcast clouds
624,Flin Flon,CA,2022-02-04 01:59:35,54.7682,-101.865,-17.39,96,42,5.32,scattered clouds
625,Asfi,MA,2022-02-04 02:03:20,32.2994,-9.2372,63.43,49,100,11.16,overcast clouds
626,Yenangyaung,MM,2022-02-04 02:03:21,20.4667,94.8833,68.0,45,0,11.45,clear sky
627,Nizhnekamsk,RU,2022-02-04 02:03:21,55.6366,51.8245,27.39,100,100,8.95,snow
628,Tuyen Quang,VN,2022-02-04 02:03:22,21.8233,105.2181,54.09,72,100,1.81,overcast clouds
629,Skibbereen,IE,2022-02-04 02:03:22,51.55,-9.2667,43.11,81,100,12.95,overcast clouds
630,Goderich,CA,2022-02-04 02:01:31,43.7501,-81.7165,15.91,87,100,16.62,overcast clouds
631,Xique-Xique,BR,2022-02-04 02:03:23,-10.8218,-42.7263,80.85,56,91,8.23,overcast clouds
632,Karratha,AU,2022-02-04 01:54:32,-20.7377,116.8463,91.8,43,82,10.27,broken clouds
633,Lopatino,RU,2022-02-04 02:03:23,52.6195,45.8118,34.75,100,100,11.16,snow
634,Bodegraven,NL,2022-02-04 02:03:24,52.0825,4.75,47.05,82,100,7.0,overcast clouds
635,Tutoia,BR,2022-02-04 02:03:24,-2.7619,-42.2744,78.78,88,100,12.59,overcast clouds
636,Zhanaozen,KZ,2022-02-04 02:03:25,43.3,52.8,40.28,58,100,19.04,overcast clouds
637,Nara,JP,2022-02-04 01:54:24,34.6851,135.8049,43.92,43,13,8.59,few clouds
638,Iralaya,HN,2022-02-04 02:03:26,15.0,-83.2333,76.5,86,1,8.88,clear sky
639,Bambanglipuro,ID,2022-02-04 02:03:26,-7.95,110.2833,75.6,69,95,1.54,overcast clouds
640,Rodrigues Alves,BR,2022-02-04 02:03:26,-7.738,-72.6509,72.55,96,62,2.51,broken clouds
641,Dukat,RU,2022-02-04 01:54:42,62.55,155.55,-7.87,73,6,8.63,clear sky
642,Novokayakent,RU,2022-02-04 02:03:27,42.3937,47.9861,35.65,83,100,3.2,overcast clouds
643,Rocha,UY,2022-02-04 02:01:27,-34.4833,-54.3333,70.07,98,100,2.35,overcast clouds
644,Tongren,CN,2022-02-04 02:03:28,27.7172,109.1853,45.09,72,93,3.09,overcast clouds
645,Bayshore Gardens,US,2022-02-04 02:03:28,27.4253,-82.5904,72.1,69,0,9.22,clear sky
646,Lichinga,MZ,2022-02-04 02:03:28,-13.3128,35.2406,60.84,95,99,2.68,overcast clouds
647,Victoria Point,AU,2022-02-04 02:03:29,-27.5833,153.3,84.18,61,41,11.01,scattered clouds
648,Hobyo,SO,2022-02-04 01:54:13,5.3505,48.5268,75.0,75,45,14.54,scattered clouds
649,Tairua,NZ,2022-02-04 02:03:30,-37.0167,175.85,76.08,64,1,11.81,clear sky
650,Ocean City,US,2022-02-04 02:02:39,39.2776,-74.5746,54.21,95,100,1.99,overcast clouds
651,Malakal,SS,2022-02-04 02:03:30,9.5334,31.6605,75.42,23,25,5.28,scattered clouds
652,Jiuquan,CN,2022-02-04 02:03:31,39.7432,98.5174,16.32,35,53,2.08,broken clouds
653,Manzanillo,CU,2022-02-04 02:00:11,20.3433,-77.1167,74.52,78,31,14.85,scattered clouds
654,Kedrovyy,RU,2022-02-04 02:03:31,56.1667,91.8167,-5.39,95,100,4.74,overcast clouds
655,Vijapur,IN,2022-02-04 02:03:32,23.5667,72.75,54.55,53,0,0.87,clear sky
656,Gogrial,SS,2022-02-04 02:03:32,8.5332,28.1004,75.9,23,92,4.16,overcast clouds
657,Abnub,EG,2022-02-04 02:03:33,27.2696,31.1511,50.43,52,3,11.27,clear sky
658,Kiruna,SE,2022-02-04 02:03:33,67.8557,20.2251,-3.08,84,100,0.0,overcast clouds
659,Praia Da Vitoria,PT,2022-02-04 01:54:58,38.7333,-27.0667,57.45,88,20,13.2,few clouds
660,Nogliki,RU,2022-02-04 02:03:34,51.8333,143.1667,7.25,91,100,20.15,light snow
661,Nemuro,JP,2022-02-04 01:54:20,43.3236,145.575,25.23,63,15,15.08,few clouds
662,Susanville,US,2022-02-04 02:03:34,40.4163,-120.653,35.44,55,0,4.61,clear sky
663,Termiz,UZ,2022-02-04 02:03:35,37.2242,67.2783,42.22,70,0,11.59,clear sky
664,Port Said,EG,2022-02-04 02:03:35,31.2565,32.2841,54.61,63,53,24.27,broken clouds
665,Poum,NC,2022-02-04 01:53:51,-20.2333,164.0167,82.51,84,84,15.39,light rain
666,Kheri,IN,2022-02-04 02:03:36,27.9,80.8,54.52,90,77,9.28,broken clouds
667,Nordhorn,DE,2022-02-04 02:03:36,52.4333,7.0833,45.81,83,100,13.65,overcast clouds
668,Thiruvananthapuram,IN,2022-02-04 02:03:37,8.4833,76.9167,78.78,89,20,4.61,mist
669,Oistins,BB,2022-02-04 01:54:27,13.0667,-59.5333,77.09,65,20,12.66,few clouds
670,Hirara,JP,2022-02-04 02:03:37,24.8,125.2833,66.47,94,75,9.22,broken clouds
671,Longview,US,2022-02-04 02:00:18,32.5007,-94.7405,31.06,90,100,3.0,overcast clouds
672,Port Moresby,PG,2022-02-04 02:03:38,-9.4431,147.1797,87.33,59,88,12.17,overcast clouds
673,Breytovo,RU,2022-02-04 02:03:38,58.2993,37.8617,8.83,97,99,4.63,overcast clouds
674,Eydhafushi,MV,2022-02-04 01:55:49,5.1033,73.0708,80.65,73,59,6.85,broken clouds
675,Parakou,BJ,2022-02-04 02:03:39,9.3372,2.6303,71.22,17,0,5.08,clear sky
676,Maluso,PH,2022-02-04 02:03:39,6.543,121.8753,83.34,64,98,1.63,heavy intensity rain
677,Port Macquarie,AU,2022-02-04 02:03:40,-31.4333,152.9167,70.9,71,37,18.16,scattered clouds
678,Kalmar,SE,2022-02-04 02:03:40,56.6616,16.3616,37.96,99,100,5.75,overcast clouds
679,Broken Hill,AU,2022-02-04 02:03:41,-31.95,141.4333,70.02,29,0,18.63,clear sky
680,Arak,IR,2022-02-04 02:00:32,34.0917,49.6892,37.06,60,4,5.68,clear sky
681,Aksaray,TR,2022-02-04 02:03:41,38.3726,34.0254,33.39,95,100,1.36,light snow
682,Micheweni,TZ,2022-02-04 02:03:42,-4.9667,39.8333,80.1,80,98,10.92,overcast clouds
683,Cutervo,PE,2022-02-04 02:03:42,-6.379,-78.8157,52.45,83,100,1.25,overcast clouds
684,Jinka,ET,2022-02-04 01:55:40,5.65,36.65,68.99,51,93,0.22,overcast clouds
685,Chuguyevka,RU,2022-02-04 02:03:44,44.1653,133.8633,4.96,83,100,6.35,overcast clouds
686,Colquechaca,BO,2022-02-04 02:03:44,-18.6667,-66.0167,36.66,83,100,4.83,overcast clouds
687,Khudumelapye,BW,2022-02-04 02:03:45,-23.8833,24.75,68.74,87,99,6.2,light rain
688,Haimen,CN,2022-02-04 02:03:45,23.1935,116.6142,54.97,75,98,10.58,overcast clouds
689,Husavik,IS,2022-02-04 02:03:45,66.0449,-17.3389,24.69,93,100,15.59,snow
690,Sebinkarahisar,TR,2022-02-04 02:03:46,40.2883,38.4236,28.31,96,100,4.07,light snow
691,Iqaluit,CA,2022-02-04 01:54:56,63.7506,-68.5145,-9.67,64,75,5.75,light snow
692,Biskupiec,PL,2022-02-04 02:00:43,53.8647,20.9569,31.82,98,100,9.13,snow
693,Billings,US,2022-02-04 01:59:59,45.7833,-108.5007,15.24,76,58,3.87,broken clouds
694,Rabaul,PG,2022-02-04 02:03:47,-4.1967,152.1721,83.59,70,64,15.46,broken clouds
695,Seoul,KR,2022-02-04 01:59:26,37.5683,126.9778,27.79,48,0,12.66,clear sky
696,Jadu,LY,2022-02-04 02:03:47,31.953,12.0261,43.52,61,0,5.53,clear sky
697,Yinchuan,CN,2022-02-04 02:00:10,38.4681,106.2731,18.27,36,0,4.74,clear sky
698,Ukiah,US,2022-02-04 02:00:22,39.1502,-123.2078,55.44,70,34,2.57,scattered clouds
699,La Ronge,CA,2022-02-04 01:55:15,55.1001,-105.2842,-12.75,70,0,10.36,clear sky
700,Klyuchevskiy,RU,2022-02-04 02:03:48,53.5317,119.4519,-6.38,75,88,3.31,overcast clouds
701,Usinsk,RU,2022-02-04 01:53:55,65.9939,57.5281,14.94,96,100,7.78,light snow
702,Tessalit,ML,2022-02-04 02:02:11,20.1986,1.0114,56.61,17,0,11.68,clear sky
703,Maine-Soroa,NE,2022-02-04 02:03:49,13.2114,12.0241,56.88,17,0,10.78,clear sky
704,Shenjiamen,CN,2022-02-04 02:03:49,29.9576,122.298,44.87,63,100,13.78,overcast clouds
705,Burnie,AU,2022-02-04 02:03:50,-41.0667,145.9167,65.95,55,1,8.86,clear sky
706,Fort Saint James,CA,2022-02-04 02:03:50,54.4333,-124.25,21.07,97,100,2.64,overcast clouds
707,Vestnes,NO,2022-02-04 02:03:19,62.6264,7.0884,39.92,87,75,18.41,broken clouds
708,Montepuez,MZ,2022-02-04 01:55:29,-13.1256,38.9997,69.12,95,100,3.38,overcast clouds
709,La Plata,AR,2022-02-04 02:00:01,-34.9215,-57.9545,73.99,87,57,7.09,broken clouds
710,Aksu,CN,2022-02-04 01:53:59,41.1231,80.2644,23.34,57,100,3.24,overcast clouds
711,Luau,AO,2022-02-04 02:03:51,-10.7073,22.2247,63.05,99,100,2.46,light rain
712,College,US,2022-02-04 01:55:08,64.8569,-147.8028,1.72,52,100,9.22,overcast clouds
713,Irece,BR,2022-02-04 02:03:52,-11.3042,-41.8558,71.08,66,25,8.23,scattered clouds
714,Barcelos,PT,2022-02-04 02:03:52,41.5388,-8.6151,51.94,77,100,2.06,overcast clouds
715,Novopokrovka,UA,2022-02-04 02:03:53,49.8425,36.5477,30.58,89,100,6.85,overcast clouds
716,Narrabri,AU,2022-02-04 02:03:53,-30.3167,149.7833,78.53,44,20,17.27,few clouds
717,Imbituba,BR,2022-02-04 02:03:53,-28.24,-48.6703,78.82,92,5,15.28,clear sky
